-- phpMyAdmin SQL Dump
-- version 4.8.3
-- https://www.phpmyadmin.net/
--
-- Servidor: 127.0.0.1
-- Tiempo de generación: 10-11-2019 a las 18:56:23
-- Versión del servidor: 10.1.36-MariaDB
-- Versión de PHP: 7.2.10

SET SQL_MODE = "NO_AUTO_VALUE_ON_ZERO";
SET AUTOCOMMIT = 0;
START TRANSACTION;
SET time_zone = "+00:00";


/*!40101 SET @OLD_CHARACTER_SET_CLIENT=@@CHARACTER_SET_CLIENT */;
/*!40101 SET @OLD_CHARACTER_SET_RESULTS=@@CHARACTER_SET_RESULTS */;
/*!40101 SET @OLD_COLLATION_CONNECTION=@@COLLATION_CONNECTION */;
/*!40101 SET NAMES utf8mb4 */;

--
-- Base de datos: `sistema`
--

-- --------------------------------------------------------

--
-- Estructura de tabla para la tabla `alumnos`
--

CREATE TABLE `alumnos` (
  `cedula` varchar(8) NOT NULL,
  `apellido` varchar(100) NOT NULL,
  `nombre` varchar(100) NOT NULL,
  `carrera` varchar(3) NOT NULL
) ENGINE=MyISAM DEFAULT CHARSET=latin1;

--
-- Volcado de datos para la tabla `alumnos`
--

INSERT INTO `alumnos` (`cedula`, `apellido`, `nombre`, `carrera`) VALUES
('28206342', 'BENITEZ ALBARRAN', 'OLIANNY YOHANA', 'TUR'),
('28033465', 'COLMENARES PUENTES', 'LINDA BETANIA ', 'CPU'),
('27363779', 'MONTILLA VITORA', 'PATRICIA TIBISAY', 'CPU'),
('28323404', 'ARAUJO RAMIREZ', 'EDIMAR DEL VALLE', 'TUR'),
('26962914', 'BARROETA GONZALEZ', 'REINALDO ANTONIO', 'CPU'),
('29994540', 'BENCOMO GALLARDO', 'NIUSKARLY CAROLAY', 'CPU'),
('28033299', 'MORENO CARDENAS', 'RAUL ANDRES', 'INF'),
('27889584', 'BRICEÑO VALIENTE', 'JATZANY GERALDINE', 'INF'),
('28096851', 'RODRIGUEZ GUTIERREZ', 'MICHEL ARIAM', 'TUR'),
('27804494', 'BLANCO RAMIREZ', 'MARIA ANGELY', 'TUR'),
('27618553', 'SALCEDO LEON', 'VICTOR MANUEL', 'CPU'),
('21365622', 'BARRIOS QUINTERO', 'CLAUDIA GUILLERLIMAR', 'CPU'),
('26616048', 'VILLARREAL', 'MARIAANGEL OLIMAR', 'TUR'),
('28163403', 'QUINTERO BASTIDAS', 'ELVA BELEN', 'INF'),
('20428217', 'TORRES SANTIAGO', 'YONATHAN JOSMAR', 'INF'),
('28281763', 'TORRES VASQUEZ', 'KARLIN ERIBETH', 'CPU'),
('29994310', 'PAREDES ROMAN', 'NERIO JOSUE', 'CPU'),
('29585161', 'SUAREZ CONTRERAS', 'JHONNY ALEJANDRO', 'INF'),
('30256767', 'SAEZ ALBORNOZ', 'EDUARD ALEXANDER', 'INF'),
('28495173', 'COLMENARES PAREDES', 'NAYELIS ALEJANDRA', 'CPU'),
('29539284', 'PACHECO VASQUEZ', 'MELVIN ROMARIO', 'INF'),
('28096533', 'RIVAS RIVERA', 'MARIA FERNANDA', 'INF'),
('27889924', 'DELGADO CARRILLO', 'GIOVANA', 'CPU'),
('29541498', 'ANDRADE BRICEÑO', 'SILVIA ANDREINA', 'CPU'),
('29539254', 'CABRITA VILLEGAS', 'JOELIS KATIANNY', 'CPU'),
('26046362', 'BASTIDAS ROMAN', 'ADRIANA CAROLINA', 'PRE'),
('28002969', 'TROMPETERO TERAN', 'NAIKELY COROMOTO', 'PRE'),
('25643636', 'HERNANDEZ DELGADO', 'ROXIBEL ADRIANA', 'EDI'),
('27677816', 'MENDOZA BARRIOS', 'ALEX MIGUEL', 'INF'),
('27619378', 'SAAVEDRA ALTUVE', 'STEFANY MICHEL DE JESUS', 'CPU'),
('28445983', 'SEMPRUN VALERA', 'MAYKOLL JOSUE', 'CPU'),
('28100196', 'TORRES CONTRERAS', 'GEILYZ WILMELI', 'PRE'),
('27512272', 'VIERAS BASTIDAS', 'GIOVANNA ISABEL', 'CPU'),
('27889381', 'VALERA RODRIGUEZ', 'ALEJANDRA PAOLA', 'CPU'),
('29638865', 'GIL RODRIGUEZ', 'ELIANNY JACKELIN', 'MER'),
('30236075', 'PEREZ FLORES', 'ADRIANA LISSETH', 'CPU'),
('27497827', 'PEÑA FLORES', 'GLENDYS ADRIANA', 'CPU'),
('28096625', 'AÑEZ BRICEÑO', 'YENNY SOLIMAR', 'MER'),
('24140171', 'SANCHEZ RODRIGUEZ', 'ELIDAYANA DEL VALLE', 'EDI'),
('27070293', 'QUINTERO MUCHACO', 'JESMAR JULIANY', 'EDI'),
('29539504', 'BENITEZ PEÑALOZA', 'DARIANY LINAYSETH', 'TUR'),
('26690366', 'MATERANO NUÑEZ', 'JOSE RICARDO', 'INF'),
('29638048', 'MONTILLA QUINTERO', 'ALEXANDRA NATHALY', 'EDI'),
('29825332', 'QUINTERO DABOIN', 'MARIA GABRIELA', 'EDI'),
('29539526', 'CONTRERAS RONDON', 'RUDY DANIELA', 'PRE'),
('23252739', 'NIEVES ROJAS', 'SULYMAR MARIA', 'CPU'),
('11611367', 'TERAN DE SUAREZ', 'VIRGINIA DEL VALLE', 'PRE'),
('29874349', 'AÑEZ PALOMARES', 'RUBEN ASDRUBAL', 'MER'),
('28002571', 'PEREZ  OROZCO', 'LAURIMAR  BETANIA', 'EDI'),
('28323439', 'URBINA VALERA', 'MARIA VALENTINA', 'CPU'),
('28438822', 'RAMIREZ ARBONA', 'WENDY MAILYN', 'CPU'),
('27888978', 'MATOS PARRA', 'ANA DANIELA', 'MER'),
('26457280', 'CARDENAS PINEDA', 'YANDEIKER JOSUE', 'CPU'),
('29933345', 'ABREU SEMECO', 'FABIOLA DEL CARMEN', 'TUR'),
('29917404', 'BENITEZ HERNANDEZ', 'YEAN CARLOS', 'EDI'),
('29994983', 'VALERO VILORIA', 'FABIOLA ANDREINA', 'CPU'),
('29694633', 'VELASQUEZ MEDINA', 'IDIANTONY GABRIEL', 'CPU'),
('28087759', 'GOMEZ GONZALEZ', 'DANIELA CAROLINA', 'CPU'),
('29917463', 'MARIN DELGADO', 'DENNY JHOANA', 'EDI'),
('29638803', 'ROJAS MONTILLA', 'EDELMI PATRICIA', 'EDI'),
('27512273', 'ABREU MATHEUS', 'JASLY MAHOLY', 'CPU'),
('30190391', 'CARPIO NATERA', 'NAYELITH CAOLINA', 'INF'),
('28002716', 'BORJAS RODRIGUEZ', 'KATIUSKA DEL VALLE', 'CPU'),
('25454227', 'BENITEZ HERNANDEZ', 'MARIA DEL CARMEN', 'EDI'),
('29739426', 'ALVARADO ARAUJO', 'SINAI VALENTINA', 'INF'),
('27245923', 'GOMEZ VILLARREAL', 'JULIANNY YINETH', 'EDI'),
('26616553', 'BRICEÑO', 'DAVID RAFAEL', 'CPU'),
('26046782', 'BRICEÑO TORO', 'LUIS DAVID', 'INF'),
('29541723', 'AVILA GUTIERREZ', 'MARILYN ALEJANDRA', 'INF'),
('28495423', 'PAREDES QUINTERO', 'KARLA ALEJANDRA', 'MER'),
('27676149', 'VILLEGAS TORRES', 'IDAMAR JORGELY', 'CPU'),
('28445575', 'AZUAJE GONZALEZ', 'YUSNEIBY DEL VALLE', 'CPU'),
('29994700', 'SIMANCAS VILLARREAL', 'FRANKHESKA PAOLA', 'CPU'),
('30302249', 'GIL BARRIOS', 'ALEJANDRO ENRIQUE', 'INF'),
('30380396', 'ALVARADO GONZALEZ', 'STEFANY CAROLINE', 'CPU'),
('26100763', 'CASTILLO ANDRADE', 'DAYANNY YISEL', 'EDI'),
('28002828', 'GRATEROL GONZALEZ', 'DAVID JOSE', 'CPU'),
('29718886', 'ALBORNOZ ZAMBRANO', 'YOSNEY DEL VALLE', 'TUR'),
('27618512', 'VALERO HERNANDEZ', 'HILMER ANTONIO', 'INF'),
('28438872', 'MONTILLA QUEVEDO', 'INDIRA SARAHY', 'PRE'),
('29541221', 'FERNANDEZ QUEVEDO', 'GERLIS ANDREINA', 'PRE'),
('27888621', 'TORRES CONTRERAS', 'GREILYZ WILMAR', 'CPU'),
('27804353', 'BRACAMONTE BALZA', 'VICTOR JOSE ', 'CPU'),
('28079350', 'GUTIERREZ SALCEDO', 'LEYDI MARIAN', 'TUR'),
('28096320', 'HERNANDEZ BRICEÑO', 'MARIANGELA PATRICIA', 'CPU'),
('27676280', 'DURAN DURAN', 'GLENMARYS MAIBE', 'TRA'),
('27245612', 'CASTELLANOS VALERA', 'YOSELIN ANDREA', 'TUR'),
('21207183', 'MONCAYO PACHECO', 'YENNY  CAROLINA', 'EDI'),
('30317338', 'COLMENARES DUGARTE', 'VALENTINA ALEXANDRA', 'CPU'),
('27245563', 'LUCHINI HERNANDEZ', 'KATERIN DEL VALLE', 'CPU'),
('28261062', 'GONZALEZ ARAUJO', 'MARIA VICTORIA', 'EDI'),
('27780415', 'SANTIAGO BRICEÑO', 'BONIRIS GABRIELA', 'MER'),
('27251247', 'MATERAN', 'KEILA PAOLA', 'CPU'),
('28495278', 'RODRIGUEZ ALARCON', 'JOSE DANIEL', 'INF'),
('23837530', 'QUINTERO SANTIAGO', 'EDGAR ELIAS', 'INF'),
('28096128', 'CARDOZO FERNANDEZ', 'AURINEL ANDREINA', 'CPU'),
('27896046', 'LOZADA CALDERAS', 'DANIEL JOSE', 'CPU'),
('28206337', 'MORALES URBINA', 'LEANDRO SEGUNDO', 'INF'),
('29590389', 'NOGUERA ARAUJO', 'JORMARY MARIANNY', 'INF'),
('28033042', 'DELGADO LOZADA', 'JOSE ALEJANDRO', 'CPU'),
('27245561', 'ABREU MONTILLA', 'RICARDO ALEJANDRO', 'MER'),
('28323494', 'VASQUEZ ARAUJO', 'STEVEN JOSE', 'INF'),
('29585399', 'TERAN REYES', 'MARIA FERNANDA', 'EDI'),
('30047865', 'RAMIREZ OLIVAR', 'JHON EDGARDO', 'TUR'),
('29541602', 'MATERANO TERAN', 'NOHELIMAR', 'CPU'),
('28621573', 'RODRIGUEZ PEREZ', 'YUSLEIRY DAYANA', 'CPU'),
('27896790', 'MONTILLA RAMIREZ', 'GRECIA ALEXANDRA', 'MER'),
('27306716', 'CAMACHO ARAUJO', 'JHOELY YAILIN', 'TUR'),
('27804872', 'VALERO PEÑA', 'ENMANUEL JESUS', 'MER'),
('27022401', 'PEÑA', 'GIAGNOLLY FIORELLA', 'CPU'),
('27152174', 'DELGADO BARRIOS', 'NOELIS DAVIANA', 'TUR'),
('28281572', 'LOZADA SEGOVIA', 'MIZAIRYH RAMYEILYZ', 'INF'),
('27889320', 'SALAS MOLINA', 'MARIA ANTONIETA', 'INF'),
('26757375', 'RENDON PUENTES', 'ISAAC ALFONSO', 'MER'),
('28027283', 'MONTILLA ZAVARZE', 'DARLELIS ADRIANA', 'CPU'),
('27497543', 'MATOS MARIN', 'ISGENDERLIN', 'INF'),
('27363831', 'ABREU BRICEÑO', 'ALAIDE ANDREINA', 'MER'),
('26482543', 'HERNANDEZ DAVILA', 'MARIUSKA CELIMAR', 'CPU'),
('26989277', 'MORA VALECILLO', 'JESSICA ANDREINA', 'TUR'),
('26191508', 'DIAZ RONDON', 'JOSE VALERIO', 'MER'),
('28096250', 'GONZALEZ VALERO', 'YELIANNS PAOLA', 'EDI'),
('27415635', 'PANETTI MORENO', 'YULIANA PIERINA', 'TUR'),
('27896606', 'VILORIA BRICEÑO', 'YOHADRY GABRIELA', 'INF'),
('26100899', 'ESCALONA RUIZ', 'ALEXANDRA CAROLINA', 'EDI'),
('28206940', 'OLMOS TERAN', 'ELIANA ALEXANDRA', 'CPU'),
('28261494', 'CACERES ANDRADE', 'YUSBELY GUADALUPE', 'CPU'),
('28281600', 'ROSALES GIL', 'MARIA FERNANDA', 'CPU'),
('27628072', 'BAPTISTA REYES', 'MARIA FERNANDA', 'MER'),
('25619229', 'MENDEZ CANELON', 'ANNERYS MARIANNY', 'EDI'),
('29718922', 'CASTELLANOS QUEVEDO', 'ELIANIS YULIANA', 'CPU'),
('26877504', 'GUDIÑO ARAUJO', 'BETHANIA PAOLA', 'CPU'),
('28322531', 'RIVERO DIAZ', 'DUGLEIDYSDEL CARMEN ', 'CPU'),
('28261689', 'PEÑA SANTOS', 'NICOLE MICHELL', 'CPU'),
('23837590', 'QUINTERO SANTIAGO', 'YENNY PATRICIA', 'INF'),
('26488417', 'GONZALEZ MONCADA', 'SHARON NATASHA', 'TUR'),
('28445507', 'HUZ PALOMARES', 'HEILAT JOSE', 'CPU'),
('28445566', 'MORENO RUIZ', 'JOSHANNY DEL VALLE', 'PRE'),
('27051191', 'GONZALEZ SANTIAGO', 'FATIMA DEL VALLE ', 'CPU'),
('27268847', 'RAMIREZ LAGUNA', 'YULEISY DEL CARMEN', 'TUR'),
('27888698', 'PEREZ MORILLO', 'DANIELA DE LOS ANGELES', 'CPU'),
('26616763', 'SANCHEZ RAMOS', 'GLEDYS FABIOLA', 'CPU'),
('27889920', 'GONZALEZ ZABALETA', 'YISEL CAROLINA', 'MER'),
('28002067', 'DIAZ GOMEZ', 'NOHELIA DEL ROSARIO', 'TRA'),
('27512222', 'VELASQUEZ CADENAS', 'JORGE LUIS', 'TUR'),
('27628193', 'CARRILLO OSUNA', 'MARIA VIOMAIRY', 'PRE'),
('25459394', 'DELGADO HERNANDEZ', 'ELIECER ANTONIO', 'TUR'),
('25619667', 'PINEDA VILLEGAS', 'MARIELYS ALEXANDRA', 'EDI'),
('26877764', 'SIFUENTES ARAUJO', 'YOELI AIMAR', 'TUR'),
('27306860', 'KRIEBEL BARRIOS', 'RITA CLARYBEL ', 'EDI'),
('30190396', 'MONTILLA UZCATEQUI', 'LEANDER ENRIQUE', 'MER'),
('29585721', 'GONZALEZ PEREZ', 'MARIA DE LOS ANGELES', 'CPU'),
('28495140', 'ARAUJO PARRA', 'ASLIMAR ROSANA', 'EDI'),
('27497047', 'MONTILLA ALDANA', 'MARCO ANTONIO', 'INF'),
('27022467', 'ALDANA FARIAS', 'ALEXANDRA PAOLA ', 'CPU'),
('28445744', 'DURAN TORRES', 'DANIELA ALEJANDRA', 'TUR'),
('28445293', 'PINEDA MATHEUS', 'GISELL PATRICIA', 'CPU'),
('27070307', 'PEREZ HERNANDEZ', 'WILLIANNY PAOLA', 'CPU'),
('28206169', 'ARAUJO RIVERA', 'BRIYITH PATRICIA', 'CPU'),
('27803391', 'RIVAS SANTIAGO', 'MARIA JOSE', 'CPU'),
('27896853', 'RIVAS RODRIGUEZ', 'LUIS ALFONSO ', 'INF'),
('27888257', 'AZUAJE BARRETO', 'GERMARY YALESKA', 'CPU'),
('27676605', 'SALAS VINAJA', 'WILKER CARLIT', 'CPU'),
('29633747', 'PAREDES  ROSALES', 'DANNY DANIEL', 'INF'),
('27889330', 'MATHEUS MATHEUS', 'RICARDO DANIEL ', 'TUR'),
('27497268', 'VALERA MORENO', 'YOENDYMAR MEYLING', 'TRA'),
('27739677', 'CASTELLANOS NUÑEZ', 'JHORBI JOSE', 'CPU'),
('29739392', 'VALIENTE RIVERA', 'MIRIAN YANETH', 'EDI'),
('27804737', 'MONTILLA AGUILAR', 'CARLIN ANDREINA', 'CPU'),
('27804069', 'BARRIOS ROSETTA', 'ANGELICA ESTEFANIA', 'CPU'),
('29739730', 'LARA APONTE', 'YOLEIDIS THAIS', 'CPU'),
('28190993', 'MATHEUS PUCHE', 'CRISMAR DEL VALLE', 'CPU'),
('27677164', 'ZERPA GONZALEZ', 'JESUS ALBERTO', 'MER'),
('23252441', 'FRANCO MATOS', 'NELDRY CAROLINA', 'CPU'),
('28495840', 'CONTRERAS DELGADO', 'JOSE JESUS', 'CPU'),
('27268113', 'ROMERO RIVERA', 'DAYANA COROMOTO', 'CPU'),
('27151333', 'ALDANA ALBORNOZ', 'MARLIN CAROLINA', 'CPU'),
('27306778', 'VASQUEZ CABRERA', 'MELANNY BEATRIZ ', 'INF'),
('27889942', 'RENGIFO MOLINA', 'MARIA FERNANDA', 'CPU'),
('26911695', 'FERNANDEZ ROJAS', 'DAYRELIS NAZARETH', 'CPU'),
('27889316', 'BRICEÑO INFANTE', 'LUIS EDUARDO', 'CPU'),
('28495586', 'MORALES HERNANDEZ', 'ZEILY YOHENA', 'CPU'),
('26002989', 'PIRELA ARRAIZ', 'YULEIXI DEL VALLE', 'PRE'),
('28445374', 'MATOS MONTESINOS', 'JOSE ANTONIO', 'CPU'),
('27512352', 'ALBORNOZ MESA', 'MARIANNY DEL VALLE', 'CPU'),
('27251597', 'TORRES LOZADA', 'JHON ALBERTH', 'INF'),
('29694272', 'SALCEDO VALERA', 'ROSELIN YULIETH', 'INF'),
('26191047', 'VILLEGAS PEÑA', 'DEISIMAR KATIUSCA', 'CPU'),
('28096141', 'MORONTA LABRADOR ', 'AUDRIANNY', 'TUR'),
('28079342', 'ABREU MONTILLA', 'ANA KARINA', 'CPU'),
('28002206', 'PAREDES ROJAS', 'NANIUSKA ALEXANDRA', 'PRE'),
('29539507', 'MONTILLA AGUILAR', 'ESTEFANY ANDREINA', 'PRE'),
('27896642', 'CRUZ BARRETO', 'CARLOS ALBERTO', 'CPU'),
('27497935', 'TORRES MATHUS', 'MICHELL ANDREINA', 'INF'),
('29933303', 'MONTENEGRO DUARTE', 'RAFAEL ARMANDO', 'INF'),
('23442955', 'VALECILLOS BRICEÑO', 'LUIS ENRRIQUE', 'TRA'),
('29932901', 'OLMOS QUINTERO', 'JEAN FRANCO', 'CPU'),
('27245497', 'FARIAS TORO', 'CARLOS ALEXANDER', 'INF'),
('27889034', 'HURTADO DIAZ', 'IGOR DANIEL', 'INF'),
('27029265', 'PRADA MESA', 'JENNYFER ORIANA', 'CPU'),
('29739423', 'DIAZ TREJO', 'RAY EDUARDO', 'INF'),
('28206123', 'RONDON MORENO', 'LUIS ALEJANDRO', 'INF'),
('26877841', 'SALAS SEGOVIA', 'HECTOR DANIEL ', 'INF'),
('18579847', 'MORA VALERO', 'ADRIANA LISMARY', 'CPU'),
('27619577', 'GONZALEZ BRICEÑO', 'JITCEL KRISTAL', 'TUR'),
('27889183', 'GUILLEN MATOS', 'CESAR AUGUSTO', 'INF'),
('26488601', 'BARRETO PARRA', 'DIEGO ALEJANDRO', 'INF'),
('25767545', 'LINARES CARRIZO', 'ALLY YOJANA', 'TRA'),
('27151377', 'TELLES PRADA', 'MARIANYI NATHALY', 'EDI'),
('28002019', 'CIRILO LUCENA', 'DANIEL ALEJANDRO', 'CPU'),
('27619830', 'SUAREZ MENDEZ', 'ROBERT ESCAILI', 'CPU'),
('28264952', 'ROJAS RODRIGUEZ', 'JENNIFER CARYOALEX', 'CPU'),
('27628739', 'SILVA GONZALEZ', 'KATIUSKA DAVIANA', 'CPU'),
('27268205', 'HURTADO CORNIELES', 'ANYELY DEL CARMEN', 'CPU'),
('27070803', 'VILORIA ABREU', 'AISBEL ALEJANDRA', 'INF'),
('27497375', 'VALERA ALDANA', 'MILANYELY DEL VALLE', 'EDI'),
('27803743', 'BARRIOS VILLEGAS', 'LUIS ALFREDO', 'CPU'),
('17393782', 'PEREZ CONTRERAS', 'YUSMELY CAROLINA', 'TRA'),
('17266730', 'HUZ INFANTE', 'HAILET DEL VALLE', 'TRA'),
('29932774', 'TORCATE', 'YERIA NACARI', 'CPU'),
('25882796', 'VILLEGAS GRATEROL', 'BETANIA KAROLAY', 'INF'),
('26557784', 'VASQUEZ MONTILLA ', 'CARMEN ELENA', 'TRA'),
('18035110', 'ESTRADA TERAN', 'MAIBELIN CAROLINA', 'PRE'),
('29638802', 'CACERES HIDALGO', 'ANGELES NAZARETH', 'CPU'),
('26413947', 'ROMAN CHAVEZ', 'KATERINE KATIUSKA', 'PRE'),
('29539642', 'DOMINGUEZ ROMAN', 'GENESIS CAROLINA', 'PRE'),
('17865415', 'BRICEÑO CAÑIZALEZ', 'MARIA ALEJANDRA', 'EDI'),
('27628445', 'RODRIGUEZ GODOY', 'BARBARA ALEJANDRA', 'CPU'),
('27888088', 'MARTINEZ HERNANDEZ', 'GREILY AURIMAR', 'CPU'),
('27889608', 'MONTILLA PICHARDO', 'MARY YANETH', 'TRA'),
('18378857', 'BERMUDEZ SIBULO', 'JEISY DAYANA', 'EDI'),
('24140441', 'GODOY CAÑIZALES', 'RUTH GENESIS', 'EDI'),
('27619311', 'BENITEZ VICTORA', 'ALIX MARIAM', 'EDI'),
('28261796', 'PIRELA PEÑA', 'IRIANES PAOLA', 'CPU'),
('28261455', 'NEGRON MATOS', 'LINMAR DALESKA', 'CPU'),
('26036732', 'MEJIAS RODRIGUEZ', 'NELVIS DEL CARMEN', 'EDI'),
('26962888', 'CABRITA PULIDO', 'GENESIS SARAI', 'CPU'),
('27889325', 'TORRES JUAREZ', 'JUNIOR DAVID', 'CPU'),
('20038107', 'BRICEÑO BARRIOS', 'NACARY ANDREINA', 'EDI'),
('30302131', 'NOYA ROMERO', 'ANTHONY JOSE', 'CPU'),
('30190023', 'AGUILAR MONTILLA', 'FABIANA PAOLA', 'MER'),
('28002292', 'CUAMO MEJIA', 'WILFREDO MANUEL', 'EDI'),
('29814164', 'VALERO LAGUNA', 'ALEJANDRO JOSUE', 'INF'),
('19101329', 'UZCATEGUI MORILLO', 'ELIANA GUMERCINDA', 'EDI'),
('29539911', 'BRICEÑO RAMIREZ', 'VERONICA ALEJANDRA', 'CPU'),
('27557318', 'PEÑA RAMIREZ ', 'YAKELYN DEL VALLE', 'MER'),
('26962239', 'GRATEROL JEREZ', 'LUZ AMELY', 'EDI'),
('27517930', 'YAGUARO RONDON', 'MARIA GABRIELA', 'INF'),
('29932867', 'VAZQUEZ ALBARRAN', 'MARIA FERNANDA', 'CPU'),
('27306586', 'URBINA PIRELA', 'CARLIANY KARIBAY', 'TRA'),
('23960566', 'TORRES LAGUNA', 'ALEXANDRA LISMAR', 'PRE'),
('27029734', 'ARAUJO ZERPA', 'KEIBER JOSE', 'CPU'),
('27251900', 'ESTRELLA VIELMA', 'JOAO ALEJANDRO', 'CPU'),
('26591047', 'MORENO PEÑA', 'MARIA FERNANDA', 'TRA'),
('27251234', 'GONZALEZ MEJIA', 'COINTA ESCARNELI', 'CPU'),
('29541984', 'VALENZUELA VALERA', 'LUZ MARIANA', 'CPU'),
('27677109', 'RODRIGUEZ MORILLO', 'ELEAZAR JOSE', 'CPU'),
('30048401', 'SIMANCAS GUERRA', 'IRMARY ANDREINA', 'CPU'),
('26482878', 'TOLOZA BRICEÑO', 'FABIAN ALFONSO', 'TUR'),
('28322842', 'ALBARRAN ABREU', 'YETZELANY  NAIRED', 'TUR'),
('27896282', 'GONZALEZ GUILLEN', 'GREIMAR ESTEFANY', 'CPU'),
('27889388', 'RAMIREZ TORRES', 'ELIANA ANDREINA', 'CPU'),
('26114574', 'RUIZ', 'GABRIELIS NEYBETH', 'PRE'),
('26877628', 'PINEDA RONDON', 'DIONI JESUS', 'INF'),
('27618477', 'BOLIVAR PERDOMO', 'ORIANA PAOLA', 'INF'),
('29814173', 'LOPEZ MAZZEY', 'REBECA PAOLA', 'INF'),
('29633065', 'BRICEÑO MAVARES', 'YOHANYERSON', 'INF'),
('27251398', 'CAMARGO VAZQUEZ', 'LUCIANA JOSE', 'MER'),
('30350552', 'ROMERO RIVERA', 'ORIANA DE LOS ANGELES', 'INF'),
('28079765', 'MENDOZA CARDOZO', 'JOSUE VICENSIO', 'INF'),
('28323217', 'ROJAS ROJAS', 'FIORELLA ALEXANDRA', 'CPU'),
('26114379', 'LINARES OJEDA', 'DEISY MARIANA', 'EDI'),
('28445583', 'SALAS SIMANCAS', 'LUIS  GABRIEL', 'INF'),
('28096589', 'ARAUJO BEDOYA', 'CAROLAY JUDITH', 'INF'),
('28096423', 'BRICEÑO ZABALA', 'MARIA ALEJANDRA', 'MER'),
('27466549', 'CABRERA BARRIOS', 'LUIS EDUARDO', 'CPU'),
('26123190', 'URRUTIA MONTILLA', 'ALBINO JUNIOR ', 'CPU'),
('27804948', 'OLMOS CAÑIZALEZ', 'ARIANA GERALDINA', 'CPU'),
('26482575', 'ARAUJO BRICEÑO', 'LUISANGELA TERESITA', 'TRA'),
('27466681', 'AGUILAR GALLARDO', 'MARIA BERENICE DE LOS ANGELES', 'MER'),
('30048341', 'AGUILAR GALLARDO', 'MANUEL VICENTE', 'MER'),
('25619467', 'QUINTO SANDOVAL', 'WUILLIAMS JOSE', 'MER'),
('27896293', 'RODRIGUEZ BRICEÑO', 'ROY TULIO', 'INF'),
('24135630', 'ARAUJO SIMANCAS', 'YADILIB ANDREA', 'TRA'),
('29916730', 'BRICEÑO MONTILLA', 'YOSELIN DARYELIS', 'CPU'),
('19088683', 'PEREZ UZCATEGUI', 'ORLANDO ANDRES', 'MER'),
('28445719', 'MOLINA MARQUINA', 'CESAR AUGUSTO', 'INF'),
('24135602', 'RAMIREZ RAMIREZ', 'YERALI DEL VALLE', 'MER'),
('27051227', 'CARRILLO AVENDAÑO', 'KARELY ANDREINA', 'CPU'),
('27896886', 'COLOMBO GOBBATO', 'ALI JOSE', 'MER'),
('29638373', 'VALERA VALERA', 'ANDRES JOSE', 'CPU'),
('27618250', 'TERAN BAPTISTA', 'MARIA DE LOS ANGELES', 'MER'),
('29633943', 'GODOY OJEDA', 'MARIA VALENTINA', 'MER'),
('29814321', 'MORILLO BRICEÑO', 'ERIELIS ADRIANA', 'CPU'),
('28096201', 'MENDOZA AFRICANO', 'MARIA DE LOS ANGELES', 'MER'),
('28096200', 'MENDOZA AFRICANO', 'MARIA TERESA', 'TUR'),
('29539446', 'VILLARREAL GARCIA', 'CRISMAR DAVIANNY', 'MER'),
('26757030', 'PALACIOS AVILA', 'MARLA YISEL', 'TUR'),
('24135178', 'BRICEÑO BRICEÑO', 'MILAGROS AURIMAR', 'CPU'),
('27151658', 'ARAUJO RIVAS', 'RAFAEL ALEJANDRO DE JESUS', 'CPU'),
('26451567', 'LAGUNA LAGUNA', 'YULIBETH JOSEFINA', 'EDI'),
('24882599', 'GONZALEZ MANZANILLA', 'LILIANNY DEL VALLE', 'CPU'),
('29638949', 'CORONADO DELGADO', 'ENMANUEL', 'EDI'),
('29638943', 'CORONADO DELGADO', 'ELIZA NATHALIA', 'EDI'),
('28096938', 'NAVA', 'LEIDY DIANA', 'CPU'),
('26557220', 'LEON BRITO', 'ROSBELY BETANIA SEPTIMA', 'CPU'),
('16065015', 'SUAREZ RIVAS', 'JOSE MIGUEL', 'CPU'),
('19271797', 'ANDRADE CORREDOR', 'HECTOR LUIS', 'EDI'),
('29694971', 'LEAL MORENO', 'FABIAN EDUARDO', 'MER'),
('29633501', 'PEDROZO SOTO', 'JHON SAMUEL', 'TUR'),
('28261683', 'MORALES GALUE', 'DIXON ENRIQUE', 'INF'),
('28096612', 'DIAZ PEREZ', 'DORIAMNYS SOFIA', 'CPU'),
('27497166', 'SOTO MATURANA', 'ELIANA FABIOLA', 'MER'),
('27888470', 'ARAUJO MAVARES', 'CAROLAY YUSNEIDY', 'INF'),
('28438559', 'BASTIDAS PERDOMO', 'DANIELA CAROLINA', 'TUR'),
('28445180', 'ROSALES MONTILLA', 'DAVIANA ABIGAIL ', 'INF'),
('27070976', 'ALVARADO QUINTERO', 'GINANYELU CARYOLA', 'CPU'),
('28002879', 'ROSALES PATIÑO', 'ENDER RAFAEL', 'CPU'),
('26123974', 'ROSALES CAÑIZALEZ ', 'LUIS ALBERTO', 'INF'),
('27896048', 'CONTRERAS MORAN', 'EMILY PATRICIA', 'CPU'),
('22538411', 'PEÑA MORENO', 'ELIENEMAR', 'EDI'),
('21367093', 'ESPINOZA MORENO', 'YULEXI  JOSEFINA', 'EDI'),
('27151200', 'MONTILLA', 'TIANNY YASIBIT', 'PRE'),
('16243462', 'CRESPO ZAMBRANO', 'YEIDY BERENICE', 'PRE'),
('28532199', 'BRICEÑO OSUNA', 'ABRIL ESKARLET', 'CPU'),
('29585255', 'COLMENARES GONZALEZ', 'MARIA FERNANDA', 'CPU'),
('24135103', 'MATHEUS DELGADO', 'KIMBERLY NAKARY', 'CPU'),
('29932848', 'JAIMES QUINTERO', 'MICHELL SARAY', 'INF'),
('28445439', 'BERMUDEZ BRICEÑO', 'EDGARDO JOSUE', 'INF'),
('27415592', 'ARTUNIA HERNANDEZ', 'RUTH MARIANA', 'CPU'),
('27306940', 'LINARES GIL', 'EUDIMAR ANDREINA', 'TRA'),
('30189838', 'PEÑA RONDON', 'JOSE LEONARDO ', 'CPU'),
('27152362', 'MORENO RONDON', 'SANDRA CAROLINA', 'PRE'),
('28206802', 'BRAVO TERAN', 'ADRIANA VALENTINA', 'MER'),
('27022294', 'ROSARIO MENDEZ', 'TAMARA THAIS', 'CPU'),
('17265788', 'UTRILLA PEÑA', 'MARIBEL DEL VALLE', 'TRA'),
('27677552', 'MONTILLA VERA', 'MARIA FERNANDA', 'CPU'),
('27070311', 'BOSCAN GONZALEZ', 'BETZABETH ALEXANDRA', 'CPU'),
('18734401', 'FERNANDEZ VALERA', 'LILIANA CAROLINA', 'PRE'),
('27619312', 'GODOY PACHECO', 'DAVID FERNANDO', 'CPU'),
('30024660', 'BARRIOS MARIN', 'NOHERLY DAYANA', 'INF'),
('28445259', 'OQUENDO RODRIGUEZ', 'ESTRELLA MANIETH', 'EDI'),
('29633235', 'PEREZ LEAL', 'VANESSA ANDREINA', 'INF'),
('29539824', 'GUTIERREZ SALCEDO', 'CIBELL MICHEL', 'INF'),
('23595457', 'VASQUEZ BRICEÑO', 'FAVIOLA COROMOTO', 'MER'),
('15439882', 'MORENO ROJAS', 'IVONNE NAIROBY', 'MER'),
('27151577', 'CARRILLO LINARES', 'DAYANA NAKARID', 'CPU'),
('28438923', 'CACERES CACERES', 'FRANYELY SUSANA', 'CPU'),
('29541923', 'ALVAREZ', 'ANDREA ESTEFANIA', 'CPU'),
('28190874', 'CAÑIZALEZ MOSQUERA', 'GEIVER ROHANER', 'EDI'),
('27022257', 'FERNANDEZ ARAUJO', 'YONITXA SARAY', 'TRA'),
('09163993', 'MEJIA NAVA', 'LUZ MARINA', 'PRE'),
('27676640', 'TERAN MONTILLA', 'KEINER ORLANDO', 'EDI'),
('28261476', 'ROMAN GONZALEZ', 'LILIBETH DEL CARMEN', 'EDI'),
('27889562', 'HERRERA YEPEZ', 'MARILIN PATRICIA', 'TRA'),
('28206655', 'ZERPA LOS SANTOS', 'ARIANNA DEL VALLE', 'CPU'),
('16463547', 'AZUAJE NUÑEZ', 'MARICIN DEL CARMEN', 'EDI'),
('27776149', 'QUINTERO QUINTERO', 'YOIMAR ROSSANA', 'CPU'),
('14599983', 'ALBORNOZ MORA', 'MILEIDY ANGELINA', 'CPU'),
('20039146', 'CORNIELES ESCALONA', 'INGRIS EMBERLIN', 'EDI'),
('29814984', 'SEGOVIA PEÑA', 'ANA KARINA', 'CPU'),
('30047691', 'GONZALEZ BRICEÑO', 'MARIA ALEJANDRA', 'MER'),
('28206147', 'RONDON TERAN', 'GENESIS PATRICIA', 'MER'),
('29586597', 'SILIE VILORIA', 'ADAN ALEJANDRO ', 'INF'),
('28584379', 'SOTO GODOY', 'LEONEL GERARDO', 'CPU'),
('26311557', 'TORRES OROZCO', 'MARIA ALEJANDRA', 'EDI'),
('28438394', 'SANDOVAL ANDRADE', 'GENESIS DEL CARMEN', 'EDI'),
('28002250', 'LOPEZ VALECILLOS', 'LUIS LORENZO', 'TUR'),
('28495043', 'VIERA MENDOZA', 'DARWIN JOEL', 'INF'),
('28206115', 'ARAUJO BARRETO', 'NERIO JOSE', 'INF'),
('27512275', 'DELGADO TERAN', 'YORBERTH ALEJANDRO', 'INF'),
('28096362', 'LINARES MEDINA', 'GENESIS CRIMAR', 'MER'),
('27520151', 'AZUAJE OCHOA', 'ELIMAR YOSIBEL', 'MER'),
('28323065', 'GONZALEZ PAREDES', 'ALANIS', 'CPU'),
('28378142', 'BERRIOS MATOS', 'THARIANNY DARIUSKA', 'MER'),
('28323398', 'JARAMILLO ALDANA', 'LESLY ANDREINA', 'CPU'),
('27889196', 'MORENO RAMIREZ', 'AMBAR SARAHI', 'TUR'),
('28206017', 'GUANDA PEÑA', 'RAFAEL ALEJANDRO', 'CPU'),
('23594044', 'MATHEUS MENDEZ', 'ANGGY KAROLINA', 'CPU'),
('27804316', 'MATHEUS UZCATEGUI', 'JESUS DAVID', 'INF'),
('28423846', 'MOYEJA CEDEÑO', 'KARLA ROXANA', 'MER'),
('28096016', 'CABALLERO JUSTO', 'LUIS ANGEL', 'CPU'),
('29541784', 'TORREALBA MENDOZA', 'CESAR AUGUSTO', 'CPU'),
('27896902', 'VASQUEZ VASQUEZ', 'YOMAIRY MAYARI', 'CPU'),
('30311605', 'CONTRERAS', 'GILBANY AMANDA', 'CPU'),
('28079758', 'GUILLEN VALERO', 'SIMON ANDRES', 'INF'),
('24566053', 'MORENO GONZALEZ', 'GLEDYS STEFANY', 'CPU'),
('30258818', 'INFANTE', 'DANIEL ALEJANDRO', 'INF'),
('28206410', 'RONDON MENDOZA', 'YONELSY GERALDY', 'CPU'),
('26002836', 'QUINTERO VILORIA', 'MARVIN ERICKSON', 'CPU'),
('27804759', 'CAMEJO BARRIOS', 'ELIANYS LISETH', 'CPU'),
('26962179', 'OVIEDO ABREU', 'LUIS ALFONZO', 'INF'),
('18457993', 'VIELMA CARREÑO', 'ANGIE NAIRI', 'TRA'),
('27152099', 'ALBARRAN BRICEÑO', 'YANDRYX DESSIRE', 'CPU'),
('27628165', 'OSECHAS LINARES', 'MAIBELYN DEL CARMEN', 'EDI'),
('25374041', 'MORENO BARRETO', 'ISSIS BRIGETT', 'EDI'),
('23778495', 'PEÑA ARAUJO', 'MARYORY ANDREINA', 'TRA'),
('26877870', 'VALECILLOS ABREU', 'LUIS JAVIER', 'CPU'),
('27306200', 'BRAVO OHEP', 'ANTONELA PAOLA', 'PRE'),
('27557457', 'BENCOMO ROJAS', 'CAROL ANDREA', 'CPU'),
('28495003', 'GUILLEN ABREU', 'JERLIMAR SCARLET', 'CPU'),
('19726401', 'DUGARTE  REINOSO', 'CRISTHELL  ANDREINA', 'CPU'),
('29994367', 'AZUAJE MENDOZA', 'DANIELA GABRIELA', 'CPU'),
('28584294', 'CONTRERAS QUINTERO', 'ROSA ELENA', 'INF'),
('28079431', 'RIVAS MORILLO', 'WILFER REYNIER', 'CPU'),
('21348649', 'CAMPOS SALAZAR', 'CARMEN GRACIELA', 'MER'),
('21063589', 'ALVARADO SANTIAGO', 'JOSE GREGORIO', 'TRA'),
('25170813', 'GONZALEZ ZERPA', 'MARIA GABRIELA', 'MER'),
('27619215', 'PERDOMO SANTIAGO', 'MARIA DE LOS ANGELES', 'MER'),
('27677695', 'BRICEÑO VERA', 'ORIANA NATALY', 'MER'),
('23463137', 'PAZ RAGA', 'FRANCINEL JOSE', 'TUR'),
('28002163', 'CARABALLO BENITEZ', 'ROHIBER ERNESTO', 'EDI'),
('26094133', 'VILORIA ARAUJO', 'KATERIN ARIANA', 'EDI'),
('27780187', 'CASTELLANO RONDON', 'YOLI LORIANY ESTHER', 'EDI'),
('21063875', 'PEREZ VARGAS', 'MANUEL ALEJANDRO', 'TUR'),
('19147272', 'TORRES BARRETO', 'JESUS LEONARDO', 'MER'),
('28445306', 'CARMONA TORRES', 'ROXIBELL DEL VALLE', 'CPU'),
('28096908', 'ROJAS GONZALEZ', 'MARIA VALENTINA', 'CPU'),
('23778363', 'LOPEZ MENDEZ', 'INDALEIXIS MERCEDES', 'PRE'),
('26616441', 'ROSARIO FAJARDO', 'LILIANA JOSEFINA', 'EDI'),
('18398042', 'MANZANILLA BAPTISTA', 'YETSIBE COROMOTO', 'EDI'),
('29541079', 'CORDERO ALVARADO', 'NAYIRETH ELIANNY', 'CPU'),
('28438948', 'PICHARDO COLMENARES', 'ENDERSON STIVEN', 'INF'),
('30302499', 'RIVERA CASTILLO', 'VICTOR MANUEL', 'EDI'),
('29633421', 'GELVIS PEÑALOZA', 'JOSE DIMAS', 'INF'),
('27151421', 'CALDERON  DIAZ', 'JOSELYN  INESN ', 'TUR'),
('26094370', 'GUTIERREZ SALAS', 'ANA JULIA', 'CPU'),
('28322820', 'RIVAS PAREDES', 'MARIA DE LOS ANGELES', 'CPU'),
('28079804', 'CRESPO QUINTERO', 'ELISMARY VALENTINA', 'CPU'),
('23594039', 'CAMINO VARGAS', 'MARIO HERNANDO', 'MER'),
('29539078', 'VIERAS VALDERRAMA', 'DUBERLIS MICHELE', 'CPU'),
('25755888', 'PARRA FARFAN', 'JHOARLIN DEL CARMEN', 'CPU'),
('27245241', 'PARRA QUEVEDO', 'STEFANY DANIELA', 'CPU'),
('27628439', 'ANDARA MENDEZ', 'SOSIMAR FRANYERLIS', 'CPU'),
('20402729', 'GONZALEZ GARCIA', 'ELAIDY MARIA', 'TRA'),
('28190572', 'BASTIDAS DELGADO', 'GILBERTO DE JESUS', 'INF'),
('27151595', 'VILLARREAL LOZADA', 'MICHELL BERUSKA', 'CPU'),
('28445578', 'BLANCO SIMANCAS', 'SAMUEL ISFRAINER', 'CPU'),
('20133788', 'VALERA PORTILLO', 'ROSANI MARIAN', 'CPU'),
('27029434', 'PARRA CHINCHILLA', 'ANGELICA BETZABETH', 'CPU'),
('16465847', 'COELLO DE QUINTERO', 'MARIA MAGDALENA', 'EDI'),
('27152713', 'JEREZ VASQUEZ', 'BERNARDO ALEJANDRO', 'INF'),
('26046758', 'ANDRADE BENITEZ', 'MADERLIS MARLENY', 'CPU'),
('25913609', 'MORENO ALDANA', 'YUNIOR  EDUARDO', 'CPU'),
('23838536', 'GRATEROL TORRES', 'YUSMARI DEL VALLE', 'PRE'),
('27151481', 'AGUILAR ANDARA', 'KAREN MARIELIS', 'PRE'),
('26616360', 'GONZALEZ BERRIOS', 'GENESIS PAOLA', 'EDI'),
('29874575', 'BRICEÑO BENTANCOURT', 'RICHARD DANIEL', 'INF'),
('27988468', 'SEGOVIA GODOY', 'KENWILFRE JOSE', 'MER'),
('29585894', 'BRICEÑO ARANGUREN', 'ANA PATRICIA', 'INF'),
('17265422', 'BAPTISTA VILORIA', 'BLANCA NATALY', 'EDI'),
('27677410', 'MAINOLFI VILLARREAL', 'ODDALIS BETZABETH', 'CPU'),
('27889244', 'GONZALEZ MARQUEZ', 'FRANCISCO JAVIER', 'CPU'),
('28096668', 'DURAN QUINTERO', 'ANGIE PATRICIA ', 'CPU'),
('26784298', 'PIÑA TRINITARIO', 'JEAN FRANCO', 'EDI'),
('26413106', 'VILLEGAS MONTILLA', 'TIBISAY CAROLINA', 'EDI'),
('26324629', 'INFANTE D ALVANO', 'CARMEN VICTORIA', 'MER'),
('27466999', 'BRICEÑO SUAREZ', 'ANYELI VANESA', 'EDI'),
('27557262', 'LOPEZ RUIZ', 'ANA BEATRIZ', 'CPU'),
('28206310', 'PUCHE BASTIDAS', 'DAVID ALEJANDRO', 'CPU'),
('27363246', 'FUSIL FUSIL', 'KAROLAY DEL VALLE', 'TUR'),
('28079274', 'BRICEÑO HERNANDEZ', 'YELITZA COROMOTO', 'TUR'),
('29539776', 'MATHEUS PAREDES', 'ORIANA CAROLINA', 'CPU'),
('28002270', 'ROJAS BRICEÑO', 'ROSALYNN ADRIANA', 'PRE'),
('27628255', 'MORAN ABREU', 'DIEGO ANDRES', 'CPU'),
('29539303', 'CAMPOS VELIS', 'ANIBAL JOSE', 'INF'),
('20707571', 'TORRES RUBIO', 'GENESIS DEL CARMEN', 'TRA'),
('28206633', 'PAREDES FUCIL ', 'KENDRY ALEJANDRA', 'INF'),
('22114959', 'MENDEZ MARQUINA', 'ZAIDA YEIMAR', 'CPU'),
('27619584', 'CARRASQUERO VILLEGAS', 'RIEFERD DANIEL', 'CPU'),
('25669139', 'VILLEGAS SANDREA', 'LEIXNEELF BRILLYTH', 'CPU'),
('19285922', 'OLMOS SANTIAGO', 'ANGGY ROSELINE', 'PRE'),
('27251308', 'MALDONADO VALERO', 'KATIUSKA DEL VALLE', 'CPU'),
('20708325', 'VALERA VASQUEZ', 'GINA GIMNE', 'CPU'),
('29539505', 'MACHADO NUÑEZ', 'NELMARIAN DE JESUS', 'TUR');

-- --------------------------------------------------------

--
-- Estructura de tabla para la tabla `carrera`
--

CREATE TABLE `carrera` (
  `CODIGO` char(3) NOT NULL DEFAULT '',
  `NOMBRE` varchar(40) DEFAULT NULL
) ENGINE=MyISAM DEFAULT CHARSET=latin1;

--
-- Volcado de datos para la tabla `carrera`
--

INSERT INTO `carrera` (`CODIGO`, `NOMBRE`) VALUES
('CON', 'CONTABILIDAD COMPUTARIZADA'),
('CPU', 'CONTADURIA'),
('EDI', 'EDUCACION INTEGRAL'),
('INF', 'INFORMATICA'),
('MER', 'MERCADOTECNIA'),
('PRE', 'EDUCACION PREESCOLAR'),
('SEC', 'SECRETARIA'),
('TRA', 'TRABAJO SOCIAL');

-- --------------------------------------------------------

--
-- Estructura de tabla para la tabla `materia`
--

CREATE TABLE `materia` (
  `CODIGO` varchar(4) NOT NULL DEFAULT '',
  `NOMBRE` varchar(40) DEFAULT NULL,
  `UNIDADES` smallint(6) DEFAULT NULL,
  `COSTO` float DEFAULT NULL
) ENGINE=MyISAM DEFAULT CHARSET=latin1;

--
-- Volcado de datos para la tabla `materia`
--

INSERT INTO `materia` (`CODIGO`, `NOMBRE`, `UNIDADES`, `COSTO`) VALUES
('A11', 'CONTABILIDAD I', 3, 0),
('A12', 'MATEMATICA', 3, 0),
('A13', 'INTRODUCCION AL DERECHO', 3, 0),
('A14', 'INTRODUCCION A LA ADMINISTRACION', 3, 0),
('A15', 'LENGUAJE Y COMUNICACION', 2, 0),
('A16', 'INGLES I', 2, 0),
('A17', 'EDUCACION FISICA Y DEPORTES', 2, 0),
('B21', 'CONTABILIDAD II', 3, 0),
('B22', 'ESTADISTICA GENERAL', 3, 0),
('B23', 'LEGISLACION MERCANTIL', 2, 0),
('B24', 'MATEMATICA FINANCIERA', 3, 0),
('B25', 'DESARROLLO SUSTENTABLE', 2, 0),
('B26', 'INGLES II', 2, 0),
('B27', 'REDACCION DE INFORME TECNICO', 2, 0),
('B31', 'CONTABILIDAD III', 3, 0),
('B32', 'ESTADISTICA APLICADA', 3, 0),
('B33', 'LEGISLACION LABORAL', 3, 0),
('B34', 'LEGISLACION FISCAL', 2, 0),
('B35', 'ADMINISTRACION DE PERSONAL', 2, 0),
('B36', 'ECONOMIA', 2, 0),
('B37', 'COMPUTACION I', 2, 0),
('B41', 'CONTABILIDAD IV', 3, 0),
('B42', 'CONTABILIDAD DE COSTOS I', 3, 0),
('B43', 'FINANZAS I', 3, 0),
('B44', 'IMPUESTOS', 3, 0),
('B45', 'COMPUTACION II', 2, 0),
('B46', 'INSTITUCIONES FINANCIERAS', 3, 0),
('B47', 'ELECTIVA', 2, 0),
('B51', 'ANALISIS  DE ESTADOS FINANCIEROS', 3, 0),
('B52', 'CONTABILIDAD DE COSTOS II', 3, 0),
('B53', 'FINANZAS II', 2, 0),
('B54', 'AUDITORIA I', 3, 0),
('B55', 'CONTABILIDAD COMPUTARIZADA', 3, 0),
('B56', 'SISTEMAS Y PROCEDIMIENTOS CONTABLES', 3, 0),
('B57', 'PRESUPUESTO', 3, 0),
('B61', 'AUDITORIA II', 3, 0),
('B62', 'PASANTIA', 0, 0),
('B63', 'TRABAJO ESPECIAL DE GRADO', 0, 0),
('C11', 'CONTABILIDAD I', 4, 0),
('C12', 'INTRODUCCION AL DERECHO', 4, 0),
('C13', 'INFORMATICA', 3, 0),
('C14', 'TEC DE INVEST  DOCUMENTAL', 2, 0),
('C15', 'MATEMATICA I', 3, 0),
('C16', 'INGLES INSTRUMENTAL', 3, 0),
('C17', 'EDUCACION FISICA Y DEPORTES', 2, 0),
('C21', 'CONTABILIDAD II', 4, 0),
('C22', 'DERECHO MERCANTIL', 3, 0),
('C23', 'LENGUAJE DE PROGRAMACION I', 3, 0),
('C24', 'METODOLOGIA DE LA INV', 2, 0),
('C25', 'MATEMATICA II', 3, 0),
('C26', 'TEORIA ECONOMICA', 3, 0),
('C27', 'INGLES INSTRUMENTAL', 2, 0),
('C31', 'CONTABILIDAD III', 4, 0),
('C32', 'ADMINISTRACION DE EMPRESAS', 3, 0),
('C33', 'LENGUAJE DE  PROGRAMACION III', 3, 0),
('C34', 'ESTADISTICA I', 3, 0),
('C35', 'MATEMATICA FINANCIERA', 3, 0),
('C36', 'DERECHO LABORAL', 2, 0),
('C37', 'SISTEMA OPERATIVO', 3, 0),
('C41', 'CONTABILIDAD IV', 4, 0),
('C42', 'ORGANIZACION Y METODOS', 2, 0),
('C43', 'PROCESAMIENTO DE DATOS', 3, 3),
('C44', 'ESTADISTICA II', 3, 0),
('C45', 'ANALISIS DE SISTEMAS', 3, 0),
('C46', 'BASE DE DATOS', 3, 0),
('C51', 'CONTABILIDAD DE COSTOS', 4, 0),
('C52', 'AUDITORIA', 3, 0),
('C53', 'LABORATORIO DE COMP I', 3, 0),
('C54', 'ESTRUCTURA DE DATOS', 3, 0),
('C55', 'ANALISIS DE SISTEMAS II', 3, 0),
('C56', 'SIST DE CONT COMPUTARIZADOS', 3, 0),
('C57', 'PRESUPUESTO', 3, 0),
('C61', 'ANALISIS DE EDOS FINANCIEROS', 4, 0),
('C62', 'LABORATORIO DE COMPUTACION II', 3, 0),
('C63', 'SEMINARIO DE ISR', 3, 0),
('C64', 'CONTABILIDAD FINANCIERA', 3, 0),
('C65', 'TRABAJO ESPECIAL DE GRADO', 4, 0),
('C66', 'PASANTIAS PROFESIONALES', 0, 0),
('C67', 'PASANTIAS PROFESIONALES II', 0, 0),
('C68', 'PASANTIAS PROFESIONALES III', 0, 0),
('C69', 'PASANTIAS PROFESIONALES IV', 0, 0),
('E11', 'MATEMATICAS', 3, 0),
('E12', 'LENGUA Y COMUNICACION', 2, 0),
('E13', 'METODOLOGIA DE LA INVESTIGACION', 2, 0),
('E14', 'INFORMATICA I', 2, 0),
('E15', 'VENEZUELA CONTEMPORANEA', 2, 0),
('E16', 'EDUCACION CIUDADANA', 2, 0),
('E21', 'EDUCACION AMBIENTAL', 2, 0),
('E22', 'PSICOLOGIA EVOLUTIVA', 3, 0),
('E23', 'INFORMATICA II', 3, 0),
('E24', 'PROGRAMACION NEUROLINGUISTICA', 3, 0),
('E25', 'METODOLOGIA DE LA INVESTIGACION II', 4, 0),
('E26', 'SOCIOLOGIA DE LA EDUCACION', 2, 0),
('E31', 'PSICOLOGIA EDUCATIVA', 3, 0),
('E32', 'LENGUA Y LITERATURA INFANTIL', 3, 0),
('E33', 'DESARROLLO DE PROCESOS COGNOSCITIVOS', 2, 0),
('E34', 'CIENCIAS NATURALES', 3, 0),
('E35', 'CIENCIAS SOCIALES', 3, 0),
('E36', 'EDUCACION FISICA Y RECREACION', 2, 0),
('E41', 'ORIENTACION EDUCATIVA', 3, 0),
('E42', 'ESTRATEGIA Y RECURSOS INSTRUCCIONALES', 3, 0),
('E43', 'EDUCACION PARA EL TRABAJO', 3, 0),
('E44', 'EDUCACION ESTETICA', 2, 0),
('E45', 'EVALUACION EDUCATIVA', 4, 0),
('E46', 'FASE DE OBSERVACION', 5, 0),
('E51', 'PLANIFICACION DE LA INSTRUCCION', 4, 0),
('E52', 'EDUCACION PARA LA SALUD', 2, 0),
('E53', 'ETICA Y DOCENCIA', 2, 0),
('E54', 'LECTO ESCRITURA', 3, 0),
('E55', 'EDUCACION BASICA EN VENEZUELA', 2, 0),
('E56', 'FASE DE ENSAYO', 8, 0),
('E61', 'FASE DE APLICACION Y PRACTICA DE ROLES', 15, 0),
('I11', 'ADMINISTRACION DE EMPRESAS', 3, 0),
('I12', 'LENGUA Y COMUNICACION', 2, 0),
('I13', 'MATEMATICA I', 3, 0),
('I14', 'TECNICAS DE INVESTIGACION DOCUMENTAL', 2, 0),
('I15', 'INFORMATICA BASICA', 3, 0),
('I16', 'LOGICA', 3, 0),
('I17', 'INGLES INSTRUMENTAL', 3, 0),
('I21', 'ORGANIZACION Y METODOS', 3, 0),
('I22', 'EDUCACION CIUDADANA', 2, 0),
('I23', 'MATEMATICA II', 3, 0),
('I24', 'LENGUAJE DE PROGRAMACION I', 3, 0),
('I25', 'SISTEMAS DE INFORMACION', 3, 0),
('I26', 'ARQUITECTURA DEL COMPUTADOR', 3, 0),
('I27', 'INGLES INSTRUMENTAL II', 2, 0),
('I31', 'ANALISIS Y DISEÑO DE SISTEMAS I', 3, 0),
('I32', 'ESTRUCTURA DE DATOS', 3, 0),
('I33', 'CALCULO MATRICIAL', 3, 0),
('I34', 'LENGUAJE DE PROGRAMACION II', 3, 0),
('I35', 'ESTADISTICA GENERAL', 3, 0),
('I36', 'SISTEMAS OPERATIVOS', 3, 0),
('I41', 'ANALISIS Y DISEÑO DE SISTEMAS II', 3, 0),
('I42', 'EDUCACION AMBIENTAL', 2, 0),
('I43', 'BASE DE DATOS', 3, 0),
('I44', 'LENGUAJE DE PROGRAMACION III', 3, 0),
('I45', 'ESTADISTICA PROBABILISTICA', 3, 0),
('I46', 'INFORMATICA SOCIEDAD Y ORGANIZACION', 2, 0),
('I47', 'ELECTIVA FORMACION CONTABLE', 3, 0),
('I51', 'PLANIFICACION DE PROYECTOS', 3, 0),
('I52', 'TELEPROCESO', 3, 0),
('I53', 'AUDITORIA DE SISTEMAS', 3, 0),
('I54', 'LENGUAJE DE PROGRAMACION IV', 3, 0),
('I55', 'INVESTIGACION DE OPERACIONES', 3, 0),
('I56', 'ELECTIVA II REDES', 3, 0),
('I61', 'PASANTIAS PROFESIONALES', 0, 0),
('I62', 'ELECTIVA III MANTENIMIENTO PREVENTIVO', 3, 0),
('I63', 'ELECTIVA IV  HTML', 0, 0),
('M11', 'LENGUAJE Y COMUNICACION', 2, 0),
('M12', 'MATEMATICA GENERAL', 3, 0),
('M13', 'TECNICAS DE ESTUDIO Y DE INVESTIGACION', 2, 0),
('M14', 'INGLES', 3, 0),
('M15', 'INTRODUCCION A LA ADMINISTRACION', 3, 0),
('M16', 'INTRODUCCION A LA INFORMATICA', 3, 0),
('M21', 'ESTADISTICA GENERAL', 3, 0),
('M22', 'MATEMATICA FINANCIERA', 3, 0),
('M23', 'ECONOMIA I', 3, 0),
('M24', 'INGLES II', 3, 0),
('M25', 'GEOGRAFIA ECONOMICA', 3, 0),
('M26', 'SOCIOLOGIA APLICADA', 2, 0),
('M31', 'ESTADISTICA APLICADA', 3, 0),
('M32', 'CONTABILIDAD GENERAL', 3, 0),
('M33', 'MERCADOTECNIA I', 3, 0),
('M34', 'ECONOMIA II', 3, 0),
('M35', 'LEGISLACION FISCAL', 3, 0),
('M36', 'INTRODUCCION A LAS FINANZAS', 3, 0),
('M41', 'PROCESAMIENTO DE DATOS', 3, 0),
('M42', 'CONTABILIDAD APLICADA', 3, 0),
('M43', 'INVESTIGACION DE MERCADOS', 4, 0),
('M44', 'MERCADOTECNIA II', 3, 0),
('M45', 'ECONOMIA DE MERCADO', 3, 0),
('M46', 'PUBLICIDAD', 3, 0),
('M51', 'MERCADOTECNIA III', 3, 0),
('M52', 'ANALISIS TERRITORIAL DE MERCADO', 3, 0),
('M53', 'ESTRATEGIA DE MERCADO', 3, 0),
('M54', 'CONTABILIDAD DE COSTOS', 3, 0),
('M55', 'ASPECTOS LEGALES DE MERCADO', 2, 0),
('M56', 'ANALISIS DE ESTADOS FINANCIEROS', 3, 0),
('M61', 'COMERCIALIZACION', 3, 0),
('M62', 'PRODUCCION PUBLICITARIA', 3, 0),
('M63', 'ORGANIZACION DE MERCADO EN VZLA', 3, 0),
('M64', 'PASANTIAS', 0, 0),
('P11', 'INTRODUCCION A LA INVESTIGACION', 3, 0),
('P12', 'EDUCACION AMBIENTAL', 3, 0),
('P13', 'EDUCACION CIUDADANA', 3, 0),
('P14', 'DINAMICA DE GRUPO', 2, 0),
('P15', 'ACTIVIDADES COMPLEMENTARIAS I', 2, 0),
('P16', 'PSICOLOGIA EVOLUTIVA', 2, 0),
('P17', 'EDUCACION PREESCOLAR EN VENEZUELA', 3, 0),
('P18', 'FILOSOFIA Y EDUCACION', 3, 0),
('P21', 'VENEZUELA CONTEMPORANEA', 3, 0),
('P22', 'LENGUA ESPAÑOLA', 3, 0),
('P23', 'ESTADISTICA GENERAL', 3, 0),
('P24', 'EDUCACION PARA LA SALUD', 3, 0),
('P25', 'PENSAMIENTO FORMAL', 3, 0),
('P26', 'ACTIVIDADES COMPLEMENTARIAS II', 2, 0),
('P27', 'PSICOLOGIA EDUCATIVA', 2, 0),
('P28', 'SOCIOLOGIA DE LA EDUCACION', 2, 0),
('P31', 'CURRICULUM', 3, 0),
('P32', 'MET EDUC PREES DES COGNOS DEL NIÑO', 3, 0),
('P33', 'ORIENTACION EDUCATIVA', 3, 0),
('P34', 'PSICOLINGUISTICA', 3, 0),
('P35', 'EVALUACION EDUCATIVA', 3, 0),
('P36', 'PUERICULTURA SALUD Y NUTRICION', 3, 0),
('P37', 'PRACTICA PROFESIONAL', 3, 0),
('P41', 'MET EDUC PREES DES SOCIOEMO DEL NIÑO', 3, 0),
('P42', 'EDUCACION MUSICAL', 3, 0),
('P43', 'PSICOMAT  Y EXP CORPORAL', 3, 0),
('P44', 'LECTURA Y ESCRITURA EN PREESCOLAR', 3, 0),
('P45', 'EVAL DEL DESA INT EN EDAD DE PREESCOLAR', 3, 0),
('P46', 'PRACTICA PROFESIONAL II', 3, 0),
('P51', 'TALLER  DE RECURSOS PARA EL APRENDIZAJE', 3, 0),
('P52', 'LITERATURA INFANTIL', 3, 0),
('P53', 'EXP PLAST EN EL NIÑO EN EDAD PREESCOLAR', 3, 0),
('P54', 'FAMILIA Y COMUN Y EDUC PREESCOLAR', 3, 0),
('P55', 'PRACTICA PROFESIONAL III', 3, 0),
('P61', 'INVESTIGACION EDUCATIVA', 3, 0),
('P62', 'PRACTICA PROFESIONAL IV', 3, 0),
('P63', 'ELECTIVA I', 2, 0),
('P64', 'ELECTIVA II', 0, 0),
('S11', 'LENGUAJE Y COMUNICACION', 3, 0),
('S12', 'TECNICAS DE ARCHIVO Y DOCUMENTACION', 3, 0),
('S13', 'MATEMATICA', 3, 0),
('S14', 'INGLES I', 3, 0),
('S15', 'MECANOGRAFIA I', 3, 0),
('S16', 'TAQUIGRAFIA I', 2, 0),
('S17', 'ADMINISTRACION DE EMPRESAS', 3, 0),
('S21', 'TEC DE ESTUDIO E INVESTIGACION', 3, 0),
('S22', 'INTRODUCCION A LA INFORMATICA', 3, 0),
('S23', 'SIST Y PROCEDIMIENTOS ADMINIST', 3, 0),
('S24', 'INGLES II', 3, 0),
('S25', 'MECANOGRAFIA II', 3, 0),
('S26', 'TAQUIGRAFIA II', 3, 0),
('S31', 'REDACCION PROFESIONAL I', 2, 0),
('S32', 'CONTABILIDAD I', 3, 0),
('S33', 'ADMINISTRACION FINANCIERA', 3, 0),
('S34', 'INGLES III', 3, 0),
('S35', 'INFORMATICA APLICADA', 3, 0),
('S36', 'PSICOLOGIA DE LA ORGANIZACION', 2, 0),
('S41', 'REDACCION PROFESIONAL II', 2, 0),
('S42', 'CONTABILIDAD II', 3, 0),
('S43', 'TALLER DE TEC DE SUPERVISION', 3, 0),
('S44', 'INGLES IV', 3, 0),
('S45', 'ADMINISTRACION DE PERSONAL', 2, 0),
('S46', 'PRINCIPIOS DE LEGISLACION', 3, 0),
('S47', 'TALLER DE MAQUINAS Y EQUIPOS', 3, 0),
('S51', 'PROGRAMACION Y COOR DE EVENTOS', 2, 0),
('S52', 'ESTADISTICA GENERAL', 3, 0),
('S53', 'ORGANIZACION Y ADM DE OFICINA', 2, 0),
('S54', 'INGLES V', 3, 0),
('S55', 'ORGANIZ CIENTIFICA DE TRABAJO', 3, 0),
('S56', 'LEGISLACION LABORAL', 2, 0),
('S57', 'SEGURIDAD SOCIAL', 3, 0),
('S58', 'ETICA PROFESIONAL', 2, 0),
('S61', 'ANALISIS DE PROBLEMAS Y TOMA DECISIONES', 3, 0),
('S62', 'IMPUESTO SOBRE LA RENTA', 2, 0),
('S63', 'FUNDAMENTOS DE MERCADOTECNIA', 2, 0),
('S64', 'INGLES VI', 3, 0),
('S65', 'SEMINARIO DE ASPECTOS LEGALES', 2, 0),
('S66', 'PASANTIAS', 0, 0),
('T11', 'PRECALCULO', 4, 0),
('T12', 'LENGUAJE Y COMUNICACION', 3, 0),
('T13', 'INTRODUCCION A LA ADMINISTRACION', 3, 0),
('T14', 'PSICOLOGIA I', 3, 0),
('T15', 'ESTUDIO Y COMPRENSION DEL HOMBRE', 3, 0),
('T16', 'TRABAJO SOCIAL COMO PROFESION', 3, 0),
('T21', 'ESTADISTICA GENERAL', 3, 0),
('T22', 'COMPUTACION I', 3, 0),
('T23', 'TECNICAS DE COMUNICACION ORAL', 2, 0),
('T24', 'METODOLOGIA DE LA INVESTIGACION', 3, 0),
('T25', 'DESARROLLO PERSONAL', 3, 0),
('T26', 'TRABAJO SOCIAL COMO DISCIPLINA', 3, 0),
('T31', 'COMPUTACION II', 3, 0),
('T32', 'PSICOLOGIA II', 3, 0),
('T33', 'SOCIOLOGIA I', 3, 0),
('T34', 'METODOLOGA DE LA INVESTIGACION SOCIAL', 3, 0),
('T35', 'ANTROPOLOGIA', 2, 0),
('T36', 'INTRODUCCION A LA ECONOMIA', 2, 0),
('T37', 'TRABAJO SOCIAL EN COMUNIDAD', 3, 0),
('T41', 'FUNDAMENTOS DEL DERECHO', 2, 0),
('T42', 'ESTUDIOS POLITICOS', 2, 0),
('T43', 'SOCIOLOGIA II', 3, 0),
('T44', 'DINAMICA DE LA FAMILIA VENEZOLANA', 3, 0),
('T45', 'PRACTICA DE TRABAJO SOCIAL EN COMUNIDAD', 3, 0),
('T46', 'TRABAJO SOCIAL EN GRUPO', 3, 0),
('T51', 'LEGISLACIO SOCIAL VENEZOLANA', 2, 0),
('T52', 'SEGURIDAD SOCIAL', 2, 0),
('T53', 'PROBLEMA SOCIO ECONOMICO DEL PAIS', 3, 0),
('T54', 'MEDICINA SOCIAL Y OCUOACIONAL', 3, 0),
('T55', 'FORM Y EVALUACION DE PROYECTOS SOCIALES', 3, 0),
('T56', 'PRACTICA DE TRABAJO SOCIAL CON GRUPO', 3, 0),
('T57', 'TRABAJO SOCIAL INDIVIDUAL', 3, 0),
('T61', 'ELECTIVA I', 2, 0),
('T62', 'ELECTIVA II', 2, 0),
('T63', 'EMPRESA Y TRABAJO SOCIAL', 3, 0),
('T64', 'SEMINARIO DE CRIMINALIDAD Y PREV DELITO', 3, 0),
('T65', 'DEONTOLOGIA DEL TRABAJO SOCIAL', 3, 0),
('T66', 'PRACTICA DE TRABAJO SOCIAL INDIVIDUAL', 3, 0),
('T67', 'TRABAJO SOCIAL DE GRADO', 4, 0);

-- --------------------------------------------------------

--
-- Estructura de tabla para la tabla `notas`
--

CREATE TABLE `notas` (
  `ciclo` char(2) DEFAULT NULL,
  `anio` int(11) DEFAULT NULL,
  `alumno` varchar(10) DEFAULT NULL,
  `carrera` char(3) DEFAULT NULL,
  `materia` varchar(4) DEFAULT NULL,
  `seccion` varchar(4) DEFAULT NULL,
  `suma` int(11) DEFAULT NULL,
  `estatus` char(2) DEFAULT NULL
) ENGINE=InnoDB DEFAULT CHARSET=latin1;

--
-- Volcado de datos para la tabla `notas`
--

INSERT INTO `notas` (`ciclo`, `anio`, `alumno`, `carrera`, `materia`, `seccion`, `suma`, `estatus`) VALUES
('R2', 2018, '27363779', 'CPU', 'A13', 'C4TC', 20, 'SA'),
('R2', 2018, '27363779', 'CPU', 'A14', 'C4TC', 19, 'SA'),
('R2', 2018, '27363779', 'CPU', 'A15', 'C4TC', 18, 'SA'),
('R2', 2018, '27363779', 'CPU', 'A16', 'C4TC', 15, 'SA'),
('R2', 2018, '27363779', 'CPU', 'A17', 'C4TC', 9, 'AP');

-- --------------------------------------------------------

--
-- Estructura de tabla para la tabla `periodo`
--

CREATE TABLE `periodo` (
  `fecha` varchar(50) NOT NULL
) ENGINE=MyISAM DEFAULT CHARSET=latin1;

--
-- Volcado de datos para la tabla `periodo`
--

INSERT INTO `periodo` (`fecha`) VALUES
('Enero, 2020');

-- --------------------------------------------------------

--
-- Estructura de tabla para la tabla `usuarios`
--

CREATE TABLE `usuarios` (
  `id_usuario` int(11) NOT NULL,
  `nombres` varchar(100) COLLATE utf8_spanish_ci NOT NULL,
  `apellidos` varchar(100) COLLATE utf8_spanish_ci NOT NULL,
  `cedula` varchar(100) COLLATE utf8_spanish_ci NOT NULL,
  `telefono` varchar(100) COLLATE utf8_spanish_ci NOT NULL,
  `correo` varchar(100) COLLATE utf8_spanish_ci NOT NULL,
  `direccion` varchar(100) COLLATE utf8_spanish_ci NOT NULL,
  `cargo` enum('0','1') COLLATE utf8_spanish_ci NOT NULL,
  `usuario` varchar(100) COLLATE utf8_spanish_ci NOT NULL,
  `password` varchar(100) COLLATE utf8_spanish_ci NOT NULL,
  `password2` varchar(100) COLLATE utf8_spanish_ci NOT NULL,
  `fecha_ingreso` date NOT NULL,
  `estado` enum('0','1') COLLATE utf8_spanish_ci NOT NULL
) ENGINE=InnoDB DEFAULT CHARSET=utf8 COLLATE=utf8_spanish_ci;

--
-- Volcado de datos para la tabla `usuarios`
--

INSERT INTO `usuarios` (`id_usuario`, `nombres`, `apellidos`, `cedula`, `telefono`, `correo`, `direccion`, `cargo`, `usuario`, `password`, `password2`, `fecha_ingreso`, `estado`) VALUES
(3, 'Alfredo', 'Datica', '1234', '123456', 'alfredo@gmail.com', 'Av 15', '0', 'fitox', 'Iutembi$1234', 'Iutembi$1234', '2019-09-15', '1'),
(5, 'Jose', 'Ramirez', '1234', '12345', 'jose@hotmail.com', 'Moron', '0', 'joser1', 'Iutembi$1234', 'Iutembi$1234', '2019-09-01', '1');

--
-- Índices para tablas volcadas
--

--
-- Indices de la tabla `alumnos`
--
ALTER TABLE `alumnos`
  ADD PRIMARY KEY (`cedula`);

--
-- Indices de la tabla `carrera`
--
ALTER TABLE `carrera`
  ADD PRIMARY KEY (`CODIGO`);

--
-- Indices de la tabla `materia`
--
ALTER TABLE `materia`
  ADD PRIMARY KEY (`CODIGO`);

--
-- Indices de la tabla `usuarios`
--
ALTER TABLE `usuarios`
  ADD PRIMARY KEY (`id_usuario`);

--
-- AUTO_INCREMENT de las tablas volcadas
--

--
-- AUTO_INCREMENT de la tabla `usuarios`
--
ALTER TABLE `usuarios`
  MODIFY `id_usuario` int(11) NOT NULL AUTO_INCREMENT, AUTO_INCREMENT=6;
COMMIT;

/*!40101 SET CHARACTER_SET_CLIENT=@OLD_CHARACTER_SET_CLIENT */;
/*!40101 SET CHARACTER_SET_RESULTS=@OLD_CHARACTER_SET_RESULTS */;
/*!40101 SET COLLATION_CONNECTION=@OLD_COLLATION_CONNECTION */;
